id,Name,Type,Description,Image,Price,Link,Tags,Liked
1,Living Composter,Household,"Composting has never looked so chic! Minimalist and modern, this model is perfect for a busy household — it can process more than two pounds of food a week.","https://hips.hearstapps.com/vader-prod.s3.amazonaws.com/1602794650-47184_1_1200px.jpg?crop=1xw:1.00xh;center,top&resize=480:*",199,https://www.uncommongoods.com/product/living-composter,"Women, Men",FALSE
2,Funny Produce Bags,Fashion,These reusable produce bags actually keep your fruits fresh for longer than the single use plastic ones the store supplies — just subtract the bag's weight as you check out.,"https://hips.hearstapps.com/vader-prod.s3.amazonaws.com/1602794892-52292_1_1200px.jpg?crop=1xw:1.00xh;center,top&resize=480:*",15,https://www.uncommongoods.com/product/funny-food-plastic-free-produce-bags,"Women, Men",FALSE
3,Reusable Bowl Covers,Household,No need to dirty plastic containers or throw your leftovers out — these breathable cloth covers will preserve everything from fruit salad to bread dough.,"https://hips.hearstapps.com/vader-prod.s3.amazonaws.com/1602795699-51290_1_1200px.jpg?crop=1xw:1.00xh;center,top&resize=480:*",40,https://www.uncommongoods.com/product/reusable-bowl-covers-set-of-3,"Women, Men",FALSE
4,Stainless Steel Water Bottle,Sport,"This pretty S'well water bottle not only sidesteps the need for single-use plastic water bottles, it also keeps your drink cold for up to 24 hours.","https://hips.hearstapps.com/vader-prod.s3.amazonaws.com/1576013377-screen-shot-2019-12-10-at-4-28-49-pm-1576013348.png?crop=0.758xw:0.996xh;0.128xw,0&resize=480:*",35,https://www.amazon.com/dp/B07G2VPWPT?linkCode=ogi,"Women, Men, Teens, Kids",FALSE
5,Cork Yoga Mat,Sport,"Unlike typical yoga mats, cork mats are made of oak tree bark, which grows back when harvested sustainably — making this a great gift for an eco-minded yogi.","https://hips.hearstapps.com/vader-prod.s3.amazonaws.com/1602790760-61Q6HzAp9jL.jpg?crop=0.670xw:1.00xh;0.324xw,0&resize=480:*",34,https://www.amazon.com/dp/B07HBC56T7?linkCode=ogi,"Women, Men, Teens",FALSE
6,BPA-Free Fire Truck,Toy,Can you believe that this fire truck is made completely from recycled plastic milk containers? Neither will the kids who get to play with it.,"https://hips.hearstapps.com/vader-prod.s3.amazonaws.com/1576014157-51UH56mpF4L.jpg?crop=1xw:1.00xh;center,top&resize=480:*",28,https://www.amazon.com/dp/B003WMC6U0?linkCode=ogi,"Kids, Babies",FALSE
7,Solar-Powered Phone Charger,Tech,"This wireless, solar-powered charger also features a compass and flashlight, making it a must-have for any camping trip.","https://hips.hearstapps.com/vader-prod.s3.amazonaws.com/1576078181-51OAC9Ba3IL.jpg?crop=1xw:1.00xh;center,top&resize=480:*",30,https://www.amazon.com/dp/B07FDXDB3W?linkCode=ogi,"Women, Men, Teens",FALSE
8,Thermal Travel Mug,Sport,"This porcelain cup holds 16 ounces of liquid, and yes, you can fill it up at Starbucks (they'll even give you a discount for your sustainable efforts).","https://hips.hearstapps.com/vader-prod.s3.amazonaws.com/1602790974-kate-spade-1602790955.jpg?crop=1xw:1xh;center,top&resize=480:*",20,https://www.amazon.com/dp/B01N9VYPWW?linkCode=ogi,"Women, Men, Teens",FALSE
9,Reusable Sandwich Bags,Household,These dishwasher-safe bags come in a ton of fun colors and patterns.,"https://hips.hearstapps.com/vader-prod.s3.amazonaws.com/1576013476-51GDv7hOoGL.jpg?crop=1xw:1.00xh;center,top&resize=480:*",15,https://www.amazon.com/dp/B07CXSBBC3?linkCode=ogi,"Women, Men, Teens, Kids",FALSE
10,Daytripper Tote,Fashion,"Grocery shopping has never looked so cute! This blue-and-black  gingham bag is extra roomy so it can hold a big grocery haul, but it folds flat for easy storage.","https://hips.hearstapps.com/vader-prod.s3.amazonaws.com/1602791178-bts20_12057_lifestyle_1.jpg?crop=1xw:1.00xh;center,top&resize=480:*",45,https://www.scoutbags.com/check-magnet-daytripper,"Women, Teens",FALSE
11,Better Sweater Jacket,Sport,"This jacket is a little pricier than some of the other items on this list, but that's because in addition to the Fair Trade Certified company's use of sustainable materials, it comes with a lifetime warranty.","https://hips.hearstapps.com/vader-prod.s3.amazonaws.com/1602791098-b9654045-a1b5-484c-84bf-716c7f6f982c.jpg?crop=1xw:0.652xh;center,top&resize=480:*",140,https://shop.nordstrom.com/s/patagonia-better-sweater-jacket/5238235,"Women, Men",FALSE
12,Beeswax Lip Balm,Care,"The perfect stocking stuffer, this lip balm was awarded a Good Housekeeping Sustainable Packaging Award in 2019, thanks to the company's recycling program with TerraCycle.","https://hips.hearstapps.com/vader-prod.s3.amazonaws.com/1576014253-screen-shot-2019-12-10-at-4-43-25-pm-1576014226.png?crop=0.8599269183922046xw:1xh;center,top&resize=480:*",8,https://www.amazon.com/dp/B00076TOUO?linkCode=ogi,"Women, Men, Teens",FALSE
13,EcoFlow® Hand Held Shower Head,Household,Why not get yourself a gift while you're at it? A low-flow shower head like this one can seriously cut down on your water consumption.,"https://hips.hearstapps.com/vader-prod.s3.amazonaws.com/1576277199-1576077541-etc-443-hand-held-low-flow-shower-head-1576277185.jpg?crop=1xw:1xh;center,top&resize=480:*",45,https://www.amazon.com/dp/B001AZO6GI?linkCode=ogi,"Women, Men",FALSE
14,Compost Bin,Household,A little composting bin like this one makes it easy for anyone to get into minimizing the amount of garbage they send to the landfill.,"https://hips.hearstapps.com/vader-prod.s3.amazonaws.com/1576013425-41ZqRkN0sOL.jpg?crop=0.752xw:1.00xh;0,0&resize=480:*",33,https://www.amazon.com/dp/B07VHZX3VB?linkCode=ogi,"Women, Men",FALSE
15,Stainless Steel Straws,Other,"Water, iced coffee, sweet tea — whatever their drink of choice is, they can drink it with a metal straw. Plus, this set comes with a nifty cleaning tool.","https://hips.hearstapps.com/vader-prod.s3.amazonaws.com/1576012981-41JEer9W4VL.jpg?crop=1xw:1.00xh;center,top&resize=480:*",7,https://www.amazon.com/dp/B07CZW9V7W?linkCode=ogi,"Women, Men, Teens, Kids",FALSE
16,Decomposition Book,Other,"Journaling is good for you, and with a notebook made out of post-consumer-waste recycled paper, it's good for the earth too.","https://hips.hearstapps.com/vader-prod.s3.amazonaws.com/1607623592-51uLfJRWW-L.jpg?crop=1xw:0.788xh;center,top&resize=480:*",20,https://www.amazon.com/dp/1401515622?linkCode=ogi,"Women, Men, Teens, Kids",FALSE
17,Shea Butter Hand Cream,Care,"Another 2019 Good Housekeeping Sustainable Packaging Award winner, this rich, shea butter formula comes in an aluminum tube that's fully recyclable. ","https://hips.hearstapps.com/vader-prod.s3.amazonaws.com/1576078590-31fvP8r3hL.jpg?crop=1xw:1.00xh;center,top&resize=480:*",30,https://www.amazon.com/dp/B006UEOQ5K?linkCode=ogi,"Women, Men, Teens",FALSE
18,Recycled Polyester Touch Screen Gloves,Sport,"You'll never believe that these soft, knit gloves from Asos are made out of plastic bottles and textile waste (and that you can text while wearing them!).","https://hips.hearstapps.com/vader-prod.s3.amazonaws.com/1602791355-14872932-1-black.jpg?crop=1.00xw:0.785xh;0,0.0305xh&resize=480:*",7,https://www.asos.com/us/asos-design/asos-design-touch-screen-gloves-in-recycled-polyester-in-black/prd/14872932,"Women, Men, Teens, Kids",FALSE
19,Recycled Materials Padded Headband,Fashion,"Headbands are back in a big way, but the fashionista in your life probably already knows that. The knot-front in this Asos headband is actually made from recycled polyester.","https://hips.hearstapps.com/vader-prod.s3.amazonaws.com/1602793056-11865138-1-black.jpg?crop=1xw:0.783xh;center,top&resize=480:*",6,https://www.asos.com/us/asos-design/asos-design-rib-headband-in-recycled-polyester-in-black/prd/11865138,"Women, Teens",FALSE
20,Hand Cream,Care,"This thick had cream will fight winter dryness. Plus, the zero-waste company takes back all packing of their products, as well as other brands products, that can't be recycled at locally.","https://hips.hearstapps.com/vader-prod.s3.amazonaws.com/1576084522-lovett-sundries-hand-cream-lavander-900x-1576084488.jpg?crop=1xw:1xh;center,top&resize=480:*",16,https://packagefreeshop.com/products/7-32oz-hand-cream-tin,"Women, Men, Teens",FALSE
21,The Farmstand Hydroponic Garden,Household,"Zooey Deschanel co-founded Lettuce Grow, which makes the Farmstand, a vertical hydroponic garden (meaning all these plants need is water!) that’s ideal for small spaces. Grow your own kale, lettuce, berries, cilantro, tomatoes — you name it, you can most likely grow it — literally on your porch or right outside your apartment. Choose what you want from Lettuce Grow’s seedling collection and get it all delivered to you. From there, you only need to spend 5 minutes a week tending to your garden, and in about 3 weeks, you’ll have fresh produce right from your own backyard (or porch/deck/balcony). Traditional gardens need up to 20 gallons of water to be tended to, whereas the farmstand only need 1 gallon. Plus, you’ll get your bounty in a matter of weeks, or you get your money back. There’s a reason why everyone is obsessed with this new eco-consious way of growing their own food!",https://www.scarymommy.com/wp-content/uploads/2020/02/farmstand.png,348,https://fave.co/364FjuT,"Women, Men",FALSE
22,Bite Beauty Agave+ Daytime Vegan Lip Balm,Care,"Bite Beauty lovers can attest that all of their products are uh-mazing, regardless of whether you need a good lip balm, lipstick, or foundation. It’s made with clean, vegan ingredients (there are no Sulfates SLS and SLES, parabens, formaldehydes, formaldehyde-releasing agents, phthalates, mineral oil, retinyl palmitate, oxybenzone, coal tar, hydroquinone, triclosan, triclocarban), this lip balm is our tried-and-true favorite when it comes to balm that’ll truly hydrate your chapped lips. It also smells fantastic (like an orangesicle!).",https://www.scarymommy.com/wp-content/uploads/2020/02/bite-beauty-lip-balm.png,14,https://fave.co/2GrLMqS,"Women, Men",FALSE
23,Solar Power Bank & Portable Charger,Tech,"Save energy by going solar! This solar power bank and wireless, portable charger charges iPhones and Androids, and even comes with a flashlight and compass kit. If you’re an avid camper or just find yourself needing to charge your phone *all* the time, this is a super smart solution.",https://m.media-amazon.com/images/I/51INIEqw6BL.jpg,29,https://www.amazon.com/gp/product/B07FDXDB3W/ref=as_li_tl?ie=UTF8&tag=sm-ecofriendlygifts-20&camp=1789&creative=9325&linkCode=as2&creativeASIN=B07FDXDB3W&linkId=ef80a10532cc700b622c9401a8db5332,"Women, Men, Teens",FALSE
24,Mad Hippie Skin Care Exfoliating Serum,Care,"Looking for an eco-friendly serum that’ll help exfoliate your skin and leave it super soft and bright the next morning? Look no further! Normally sold at Whole Foods, Mad Hippie is the MVP of green grocery store beauty. Our shopping editor swears by Mad Hippie exfoliating serum, especially in the winter time when her skin gets dry and dull. She’ll usually use this nightly (it’s gentle enough) with a moisturizer and sees instant results. It’s all natural, cruelty-free, vegan, and GMO-free and uses earth’s ingredients like gigawhite, and apple stem cells to get the job done. Its 10% alpha hydroxy acid formula will leave your skin a little tingly, but don’t worry — that’s totally normal.",https://m.media-amazon.com/images/I/51akVCm9qqL.jpg,28,https://www.amazon.com/gp/product/B008MYUCLS/ref=as_li_tl?ie=UTF8&tag=sm-ecofriendlygifts-20&camp=1789&creative=9325&linkCode=as2&creativeASIN=B008MYUCLS&linkId=a8e0813baaca09311cd2d24c852eec86,Women,FALSE
25,Reusable Glass Straws Set,Other,"This fun, multicolored glass straw set of 8 comes with two straw cleaners, so no more leftover seeds and pulp after your morning smoothie! These are handmade lead- free, BPA free, and non-toxic. Goodbye, plastic straws forever!",https://m.media-amazon.com/images/I/51qPT60xAyL.jpg,10,https://www.amazon.com/gp/product/B07TVPNW7J/ref=as_li_tl?ie=UTF8&tag=sm-ecofriendlygifts-20&camp=1789&creative=9325&linkCode=as2&creativeASIN=B07TVPNW7J&linkId=766a49bd54507ffeb16213f9f82a814d,"Women, Men, Teens",FALSE
26,Biodegradable Hair Ties in Rainbow by KOOSHOO,Care,"It’s the little things in life that friends and family would never think to buy for themselves. These plastic-free hair ties are a lifesaver (and we don’t say that lightly). While the ties that you snag from the drugstore are typically made from plastic, these are made with GOTS certified organic cotton and natural rubber. Available in a slew of colorways including rainbow or neutral, they’re super cute and easy to coordinate with a variety of looks (whether you wear them on your wrist or in a ponytail). The name itself, KOOSHOO translates to “feeling good.” From yoga class to running errands, you’ll never have to worry about not having a spare hair tie to keep your ish together. Side note: These make great stocking stuffers!",https://m.media-amazon.com/images/I/41YO1IMUsCL.jpg,19,https://www.amazon.com/gp/product/B08G4F6NLV/ref=as_li_tl?ie=UTF8&camp=1789&creative=9325&creativeASIN=B08G4F6NLV&linkCode=as2&tag=sm-ecofriendlygifts-20&linkId=653877f0e7c58c57e7c41d00c91a62db,"Women, Teens",FALSE
27,Nordic By Nature Reusable Sandwich Bags (4 Pack),Household,"Lunch break just got cuter thanks to Nordic By Nature’s reusable patterned sandwich bags. Whether you’re packing a sandwich, animal crackers, veggies, or fruit, these cute cotton pouches will eliminate the need for disposable plastic bags. For the mom with grade school kiddos, this is game-changing news. Even if they’re doing homeschooling this term, lunch is still going to be a vital part of their day. Each set contains four sizes (medium, small, and two extra-large), so convenience is a big factor. The bags are non-toxic, phthalate-free, lead-free, and BPA-free—not to mention dishwasher safe and easy to clean! We’re partial to the tropical green flower print but the green camo colorway is pretty rad, too.",https://m.media-amazon.com/images/I/51GDv7hOoGL.jpg,15,https://www.amazon.com/gp/product/B07CXSBBC3/ref=as_li_tl?ie=UTF8&camp=1789&creative=9325&creativeASIN=B07CXSBBC3&linkCode=as2&tag=sm-ecofriendlygifts-20&linkId=d0ae56776b91bdb6fb44e255e19c1412,"Women, Men, Teens, Kids",FALSE
28,Reusable Zip Up Bags,Household,"This colorful 3-piece reusable bag set comes in large, medium, and small — and we use it for everything, including leftovers, makeup, Midol-on-the-go, tampons, and more. We’ve also ran these bags through the dishwasher at least two dozen times by this point, and they’re still holding up.",https://www.scarymommy.com/wp-content/uploads/2020/02/mumi-scaled.jpg,19,https://fave.co/3pocWQN,"Women, Men, Teens",FALSE
29,Plantable Coloring Pencils with Seeds,Household,"You can channel all your adult coloring impulses with these lead-free pencils, and when you've used them up, you can ""plant"" them—there are seed capsules in the base of the pencil instead of an eraser. Each pencil has a marking of the seeds it contains and is biodegradable. If you don't have a green thumb, the packet also gives you directions on how to get the plants to grow and thrive.","https://hips.hearstapps.com/vader-prod.s3.amazonaws.com/1574370701-61koAC5sDBL.jpg?crop=0.670xw:1.00xh;0.194xw,0&resize=480:*",16,https://www.amazon.com/dp/B078WS8SXK?linkCode=ogi,"Women, Men, Teens, Kids",FALSE
30,Adopt a Tiger,Toy,"There are a number of critical causes one can donate to these days, and it's worth making a donation in lieu of a gift. This does both: You can symbolically adopt an animal, and you get a stuffed toy in its honor. I currently have the fennec fox and have gifted out the hedgehog, so I can vouch that it's a crowd-pleaser. Bonus: The website includes a list of the endangered species WWF supports with simple, sweet explanations about the species' importance, and your gift comes with supplementary materials about your animal.","https://hips.hearstapps.com/vader-prod.s3.amazonaws.com/1574372116-tiger-plush-z2-rs-1574372106.jpg?crop=0.889xw:0.887xh;0.0617xw,0.0869xh&resize=480:*",31,https://gifts.worldwildlife.org/gift-center/gifts/Species-Adoptions/Tiger.aspx,"Teens, Kids, Babies",FALSE
31,Zero Waste Starter Kit: The Works,Household,"Everything you could possibly need for going down the path to zero-waste is right here. Utensils and straws you can use instead of plastic. A reusable non-plastic water bottle. A net bag for your produce at the store. Bamboo toothbrushes. Beeswax food wraps for your perishables. This is particularly useful if you know someone who wants to be more sustainable, but has no idea where to start.","https://hips.hearstapps.com/vader-prod.s3.amazonaws.com/1606928442-1574369438-zero-waste-the-works-kit-ep-900x-1574369417.jpg?crop=1xw:1xh;center,top&resize=480:*",149,https://packagefreeshop.com/collections/zero-waste-kits-1/products/zero-waste-starter-kit-the-works,"Women, Men",FALSE
32,ALVABABY Baby Cloth Diapers,Fashion,"All aboard the struggle bus! You don’t have to be a new mom to know that babies go through a sh*tload of diapers. And as you know, diapers cannot be recycled… for obvious reasons. BUT, that’s where these reusable cloth diapers (pack of six) come in. Not only are they perfect for the cutie patootie in your life but just think how convenient they’ll be when out and about. Word on the street is that these modern cloth nappies are SUPER absorbent and comfortable for baby. They’re one-size-fits-all—simply adjust the diaper by snapping on the buttons for a precise fit. Says this mama, “All right, so I have been using cloth diapers since my son was born coming up on a year. I used newborn diapers for the first 2 months (Alva and Kawaii) and then I started using these. These were actually the very first pocket cloth diapers I ever got. These ended up being my favorite. They fit the best, I love the solid colors, and they are easy to customize.”",https://www.scarymommy.com/wp-content/uploads/2020/02/best-eco-friendly-gifts-baby-cloth-diapers.jpg,40,https://www.amazon.com/gp/product/B00C7JW3GQ/ref=as_li_tl?ie=UTF8&camp=1789&creative=9325&creativeASIN=B00C7JW3GQ&linkCode=as2&tag=sm-ecofriendlygifts-20&linkId=585be719be83f135bbe715d862ff26b0,Babies,FALSE
33,Ethique Eco-Friendly Gingersnap Face Scrub,Care,"You can't get much more natural than this, and who doesn't need/want/love a good face scrub? It only has 11 ingredients, including brown sugar and vanilla, and it's totally plant-based, plastic-free, and vegan. Even your strictest, most ethically minded friend will love it.","https://hips.hearstapps.com/vader-prod.s3.amazonaws.com/1606927692-screen-shot-2020-12-02-at-8-47-23-am-1606927686.png?crop=1xw:1xh;center,top&resize=480:*",17,https://www.target.com/p/ethique-eco-friendly-gingersnap-face-scrub-3-53oz/-/A-76439820,"Women, Men",FALSE
34,Harris,Fashion,"Warby Parker isn't just the biggest glasses trend (I have two pairs and counting)—they also use cellulose acetate, a renewable, plant-based material, to make many of their frames. They practice responsible sourcing and transparency, and they're a carbon-neutral company. Warby Parker also has a Buy a Pair, Give a Pair program to help those who need glasses but can't afford it. Plus, their styles are stylish and fun on top of all that, like these tortoise sunnies.","https://hips.hearstapps.com/vader-prod.s3.amazonaws.com/1574367412-screen-shot-2019-11-21-at-3-09-36-pm-1574367300.png?crop=0.9997503121098628xw:1xh;center,top&resize=480:*",95,https://go.redirectingat.com/?id=74968X1525081&xs=1&url=https%3A%2F%2Fwww.warbyparker.com%2Fsunglasses%2Fmen%2Fharris%2Foak-barrel&sref=https%3A%2F%2Fwww.marieclaire.com%2Ffashion%2Fg29873544%2Fsustainable-gifts%2F&xcust=%5Butm_source%7C%5Butm_campaign%7C%5Butm_medium%7C%5Bgclid%7C%5Bmsclkid%7C%5Bfbclid%7C%5Brefdomain%7Cgoogle.com%5Bcontent_id%7Cf7e9c672-61e0-4f4a-b8da-66868392c5fc%5Bcontent_product_id%7C951cf104-2c96-4e5e-b796-6eefdc062e08%5Bproduct_retailer_id%7C0f2bc96c-ba7b-4048-b27e-54108085c49e,"Women, Men",FALSE
35,Merkato Signature Tote,Fashion,"Parker Clay is founded by a husband and wife duo that moved to Addis Ababa after adopting two Ethiopian girls. There, they saw the prevalence of human trafficking and prostitution amongst women, and launched this brand to create job opportunities and help them financially.  The leather is sourced from tanneries that recycle all the water used during the process and is dyed with all-natural, organic, vegetable-based dyes. Truly a purchase you can feel good about—and it's monogrammable. ","https://hips.hearstapps.com/vader-prod.s3.amazonaws.com/1606928137-parker-clay-product-ecomm29183-226053dd-2c60-4113-ac07-710572f3db83-2048x-1606928130.jpg?crop=1xw:0.9997814685314685xh;center,top&resize=480:*",188,https://www.parkerclay.com/products/merkato-signature-tote?variant=34762953350,Women,FALSE
36,Comfort Stretch Ultra High Rise Stove Pipe,Fashion,"Re/Done has a cool, creative solution to the denim problem in the fashion industry (which normally wastes a ton of water and uses harmful chemicals). Instead, Re/Done takes worn old jeans, deconstructs them, and uses the fabric to create new jeans. It's luxury fashion that's also sustainable. Their jeans include straight, flare, and even trendier trouser styles that'll still be totally wearable years down the road. Think of sustainable shopping as creating a really great long-term capsule wardrobe—and this as a perfect piece. ","https://hips.hearstapps.com/vader-prod.s3.amazonaws.com/1594670073-screen-shot-2020-07-13-at-3-54-02-pm-1594670057.png?crop=0.8586883029073699xw:1xh;center,top&resize=480:*",265,https://shopredone.com/collections/straight-leg/products/ultra-high-rise-stove-pipe-vintage-indigo-destroy?variant=22775880745018,Women,FALSE
37,Planter,Household,"This could not be an easier plant to grow, even if you kill every green thing you touch, like myself. This planter can be hung from the ceiling or placed on a flat surface for a bright and modern addition to home decor. The planter doesn't include the air plant itself, but you can get one from the store—the plants get most of their nutrients from the air and are incredibly low-maintenance for when your gift recipient inevitably forgets to water them. ","https://hips.hearstapps.com/vader-prod.s3.amazonaws.com/1607113342-the-planter-by-handmade-sammade-3-1607113334.jpg?crop=0.834xw:1.00xh;0.0459xw,0&resize=480:*",40,https://www.hemleva.com/himmeli/planter,"Women, Men",FALSE
38,Wireless Nimble for Good Travel Kit,Tech,"A charger made from plants? Who knew technology could be made from recycled bottles and plant-based bioplastics? So friggin’ cool! Nimble for Good makes wireless and portable chargers out of a mixture of recycled plastic bottles and hemp, so their products are totally eco-friendly and sustainable. The wireless travel kit includes a wireless pad and dual USB wall charger to charge two devices quickly and for longevity. It has built in cable management, so everything can be stored away in one compact box (just 4.41″ x 3.03″ x 0.6″), and it comes in plastic-free packaging. It’s compatible with newer iPhones, Samsungs, Androids, AirPods, and the Google Pixel 3. One happy customer says, “I love that this charging device is environmentally conscious and it meets all of my gadget obsessed needs doing so. I love the simple unique style and outstanding functionality. Nimble please keep up the outstanding work and the products coming.”",https://www.scarymommy.com/wp-content/uploads/2019/10/nimble-for-good-wireless-travel-kit-eco-friendly-gift-guide.png,80,https://fave.co/39y1Gsf,"Women, Men, Teens",FALSE
39,Little Sun Diamond,Tech,"This pretty little light has big implications. It's solar-powered so it saves power, plus for every one sold, another is made available at a locally affordable price to an African community with limited access to electricity. Little Sun Diamond gives five hours of bright light for a five-hour charge and can be used with its stand or worn around the neck with the accompanying lanyard.",https://i.pcmag.com/imagery/lineupitems/02mUfNFcz6AULevxSG1NoLG.1576114748.fit_lim.size_800x440.jpg,30,https://www.pcmag.com/v1/otc/01r1WRIAJykbQgN4oGQ8FSi?merchant=00gffoXsjMoGlGuYQLOb16Z&url=https%3A%2F%2Flittlesun.com%2Fproduct%2Flittle-sun-diamond%2F&t=lineup-page&m=lineup-cards&e=lineup-card&i=buy-button&p=1&el=%2430.00+at+Little+Sun+See+it&u=https%3A%2F%2Fwww.pcmag.com%2Fnews%2Fthe-best-eco-friendly-tech-gifts&cd2=Story+Slideshow&cd61=App%5CModels%5CLineupItem&cd62=02mUfNFcz6AULevxSG1NoLG&cd63=02YyP1oZHLYwnTMmpBHZIhy,"Women, Men, Teens",FALSE
40,Dyson Lightcycle Task Lamp,Tech,"The Dyson Lightcycle adjusts its glow to the room around it and whether or not anyone is present, ensuring that it's not wasting energy.",https://i.pcmag.com/imagery/lineupitems/0777GtwLzjNiD5Ub8L4wOPf.1576114749.fit_lim.size_800x440.jpg,600,https://www.pcmag.com/v1/otc/01r1WRIAJykbQgN4oGQ8FSi?merchant=07ceq7iAfFfRlRYt8DCvPYM&url=https%3A%2F%2Fwww.bestbuy.com%2Fsite%2Fdyson-lightcycle-desk-task-light-white-silver%2F6333976.p%3FskuId%3D6333976&t=lineup-page&m=lineup-cards&e=lineup-card&i=buy-button&p=2&el=%24599.99+at+Best+Buy+See+it&u=https%3A%2F%2Fwww.pcmag.com%2Fnews%2Fthe-best-eco-friendly-tech-gifts&cd2=Story+Slideshow&cd61=App%5CModels%5CLineupItem&cd62=0777GtwLzjNiD5Ub8L4wOPf&cd63=01I8ghCipLI54szCgUXFF4B,"Women, Men, Teens",FALSE
41,Incipio Organicore,Tech,"Once they've moved on to a new model of phone and recycled their old one, they can toss this Incipio Organicore into the compost bin since it's plant-based.",https://i.pcmag.com/imagery/lineupitems/39228.1607451566.fit_lim.size_800x440.jpg,40,https://www.pcmag.com/v1/otc/01r1WRIAJykbQgN4oGQ8FSi?merchant=03FdFSisMpKRlWJRzV5duzR&url=https%3A%2F%2Fincipio.com%2Fproducts%2Forganicore-for-iphone-12-iphone-12-pro&t=lineup-page&m=lineup-cards&e=lineup-card&i=buy-button&p=3&el=%2439.99+at+Incipio+Technologies+See+it&u=https%3A%2F%2Fwww.pcmag.com%2Fnews%2Fthe-best-eco-friendly-tech-gifts&cd2=Story+Slideshow&cd61=App%5CModels%5CLineupItem&cd62=051YR4dQ5DldxMR6StLlrSU&cd63=06HHQp5Xii4wIBU3prZXoiU,"Women, Men, Teens",FALSE
42,LARQ Self Cleaning Water Bottle,Household,Reusable water bottles are kinder to the Earth than disposable ones but can harbor not-so-friendly bacteria. LARQ uses a UV-C LED light to dispense with germs and keeps cold beverages cold for 24 hours and hot beverages hot for 12.,https://i.pcmag.com/imagery/lineupitems/05EoKSbq9FYJo9Pix6KV23S.1576114748.fit_lim.size_800x440.jpg,95,https://www.pcmag.com/v1/otc/01r1WRIAJykbQgN4oGQ8FSi?merchant=05kie42h3YvHwjr4G1w80Qq&url=https%3A%2F%2Fwww.amazon.com%2FLARQ-Bottle-Self-Cleaning-Purification-System%2Fdp%2FB00CWXPEPE&t=lineup-page&m=lineup-cards&e=lineup-card&i=buy-button&p=4&el=%2495.00+at+Amazon+See+it&u=https%3A%2F%2Fwww.pcmag.com%2Fnews%2Fthe-best-eco-friendly-tech-gifts&cd2=Story+Slideshow&cd61=App%5CModels%5CLineupItem&cd62=05EoKSbq9FYJo9Pix6KV23S&cd63=05yxX16jVxVvxApifP2M2Wy,"Women, Men, Teeens",FALSE
43,Reusable Everyday Tote in Leopard,Fashion,"By now, a tote is basically essential for heading out of the house to run errands. But I somehow manage to forget mine at home a good chunk of the time, mostly because they don't really feel like part of my wardrobe. Enter this pretty bag that's also monogrammable—I got my sister a similar personalized one when she moved to an urban area. I might just grab one too, since they're so cost-effective. ","https://hips.hearstapps.com/vader-prod.s3.amazonaws.com/1606928038-screen-shot-2020-12-02-at-8-52-57-am-1606928027.png?crop=1xw:1xh;center,top&resize=480:*",10,https://go.redirectingat.com/?id=74968X1525081&xs=1&url=https%3A%2F%2Fwww.jcrew.com%2Fp%2FK0176&sref=https%3A%2F%2Fwww.marieclaire.com%2Ffashion%2Fg29873544%2Fsustainable-gifts%2F&xcust=%5Butm_source%7C%5Butm_campaign%7C%5Butm_medium%7C%5Bgclid%7C%5Bmsclkid%7C%5Bfbclid%7C%5Brefdomain%7Cgoogle.com%5Bcontent_id%7Cf7e9c672-61e0-4f4a-b8da-66868392c5fc%5Bcontent_product_id%7Cb2338ce5-d706-4efb-ad0c-328951492f1f%5Bproduct_retailer_id%7C5ce05382-8582-48e0-bc60-1e0a61bb0132,Women,FALSE
44,Florence,Fashion,"Lots of nail polish contains toxic chemicals, not to mention a whole bunch of plastic in the container. Not so with Sienna. Their polishes are free of nasty chemicals, vegan, and certified as cruelty-free by PETA. Their caps are made from sustainable timber, and their nail polish remover is made from soy and renewable sources. They also have an abundance of pretty colors, including this pretty, classic color you can wear year-round.","https://hips.hearstapps.com/vader-prod.s3.amazonaws.com/1574372490-Florence-Nail-Polish-1.jpg?crop=0.892xw:1xh;center,top&resize=480:*",25,https://www.siennabyronbay.com/product/florence/,Women,FALSE
45,Medium Backpack,Fashion,"Opus Mind specializes in upcycling—it works with RecycLeather, a company that recycles leather fibers from leather waste, for a circular fashion model. It also specializes in classic styles like this backpack (which also comes in pink, orange, black, and olive) and isn't constantly debuting trends that come and go. Their goods are designed for a streamlined timelessness so that they can be worn over and over. ","https://hips.hearstapps.com/vader-prod.s3.amazonaws.com/1606928322-1574374829-ultramarine-5f6e88c2-4449-42de-a60f-148fe649dab2-2000x-1606928316.jpg?crop=1xw:1xh;center,top&resize=480:*",195,https://opusmind.com/collections/all/products/navy-backpack,Women,FALSE
46,Seiko Solar Watches,Fashion,"Seiko solar watches rely on just a few hours of sun all year to run. They come in designs that suit a wide range of styles, like the Cartier-like timepiece for men and women.",https://i.pcmag.com/imagery/lineupitems/31918.1607453032.fit_lim.size_800x440.jpg,141,https://www.pcmag.com/v1/otc/01r1WRIAJykbQgN4oGQ8FSi?merchant=05kie42h3YvHwjr4G1w80Qq&url=https%3A%2F%2Fwww.amazon.com%2FSeiko-Womens-SUP250-Stainless-Steel%2Fdp%2FB00LI4NPS6&t=lineup-page&m=lineup-cards&e=lineup-card&i=buy-button&p=6&el=%24140.98+at+Amazon+See+it&u=https%3A%2F%2Fwww.pcmag.com%2Fnews%2Fthe-best-eco-friendly-tech-gifts&cd2=Story+Slideshow&cd61=App%5CModels%5CLineupItem&cd62=02K0dPrZuNgpiHLO6AJgISO&cd63=059g5vZ8kUgWZSyXPQgbmT4,"Women, Men",FALSE
47,The Smart Garden 27,Household,"Food can't get more local than picking it in your own living room. Smart Garden 27 can grow herbs, fruits, and vegetables and provides the perfect environment for them. Energy-efficient LED lighting and carefully calibrated water dispersal mean no resources are wasted.",https://i.pcmag.com/imagery/lineupitems/31904.1607453871.fit_lim.size_800x440.jpg,560,https://www.pcmag.com/v1/otc/01r1WRIAJykbQgN4oGQ8FSi?merchant=02o6wAXhdBFJ4av3KRSDRFH&url=https%3A%2F%2Fwww.clickandgrow.com%2Fproducts%2Fsmart-garden-27-home-garden&t=lineup-page&m=lineup-cards&e=lineup-card&i=buy-button&p=7&el=%24559.95+at+Click+%26amp%3B+Grow+See+it&u=https%3A%2F%2Fwww.pcmag.com%2Fnews%2Fthe-best-eco-friendly-tech-gifts&cd2=Story+Slideshow&cd61=App%5CModels%5CLineupItem&cd62=06o7Skw195RWqdxRbMUJ4DM&cd63=018v9KUhzTOELIRVsGWCp1P,"Women, Men",FALSE
48,Plumen 001 LED,Household,"The Plumen 001 LED bulb makes a design and an environmental statement. It should shine for 20,000 hours and look good for all of them.",https://i.pcmag.com/imagery/lineupitems/39229.1607453226.fit_lim.size_800x440.jpg,49,https://www.pcmag.com/v1/otc/01r1WRIAJykbQgN4oGQ8FSi?merchant=04sCXW1xSX9hhQ4ej5hlhOq&url=https%3A%2F%2Fusshop.plumen.com%2Fproducts%2Fplumen-001-led&t=lineup-page&m=lineup-cards&e=lineup-card&i=buy-button&p=8&el=%2449.00+at+Plumen+See+it&u=https%3A%2F%2Fwww.pcmag.com%2Fnews%2Fthe-best-eco-friendly-tech-gifts&cd2=Story+Slideshow&cd61=App%5CModels%5CLineupItem&cd62=00iPd15eIIqclrVTryq3MJL&cd63=039tl5r7iIpG6pcoGc7fwd8,"Women, Men",FALSE
49,Ultimate Ears Hyperboom Speaker,Tech,The Ultimate Ears Hyperboom has big sound but not a big footprint. It's made of post-consumer recycled plastics.,https://i.pcmag.com/imagery/lineupitems/39230.1607454384.fit_lim.size_800x440.jpg,400,https://www.pcmag.com/v1/otc/01r1WRIAJykbQgN4oGQ8FSi?merchant=03UMnYgjr119d8gG3IFp5T5&url=https%3A%2F%2Fwww.ultimateears.com%2Fen-us%2Fwireless-speakers%2Fhyperboom.html&t=lineup-page&m=lineup-cards&e=lineup-card&i=buy-button&p=9&el=%24399.99+at+Ultimate+Ears+See+it&u=https%3A%2F%2Fwww.pcmag.com%2Fnews%2Fthe-best-eco-friendly-tech-gifts&cd2=Story+Slideshow&cd61=App%5CModels%5CLineupItem&cd62=05kEb1mV6i6KsG9tGT6tauY&cd63=04iPlCKKntyqsKgtUgJkT2t,"Women, Men, Teens",FALSE
50,Cozy Eco Friendly Slippers asdasdasd,Fashion,"As the northern hemisphere cozies up for winter and the holiday season kicks in, eco friendly slippers are everyone’s best friend. We practically live in ours!

If your loved one doesn’t have a pair of stylish, comfy house slippers, this one may be a winner of a gift – suitable for him, her and the kids.",https://www.sustainablejungle.com/wp-content/uploads/2020/10/Image-by-Baabuk--683x1024.jpg,90,https://www.madetrade.com/collections/kyrgies?sscid=21k5_5pw74&,"Women, Men , Teens, Kids",FALSE
51,Snuggly Ethical Pajamas,Fashion,"Another winter delight, dreamy pajamas can be a game changer. And what a thrill to know that there are so many options for fabulous ethical pajamas these days. ",https://www.sustainablejungle.com/wp-content/uploads/2020/10/Image-by-Boody--683x1024.jpg,98,https://www.coyuchi.com/womens-cloud-brushed-flannel-pajama-pants.html,Women,FALSE
52,Unique Artisan Gifts,Other,"If you’re doing this year’s holiday shopping safely from home (as most of us are), you’ll want to reduce as much impact associated with online shopping as you can. And one sure way to do so is to support one of the many ethical online stores.",https://www.sustainablejungle.com/wp-content/uploads/2020/10/Image-by-Ocelot-683x1024.jpg,26,https://ocelotmarket.com/collections/gifts-under-50/products/black-heathered-trivet-sss19,"Women, Men , Teens, Kids",FALSE
53,Sustainable Jewelry,Fashion,"What says, “I love you” better than a pair of dewdrop diamond earrings? A pair of dewdrops that have also been sustainable and ethically made, of course! Take a look at our list of sustainable jewelry brands for a full range of ideas at every price point.",https://www.sustainablejungle.com/wp-content/uploads/2020/10/Image-by-KBH-Jewels-683x1024.jpg,500,https://www.kbhjewels.com/products/elongated-chain-link-earrings-short,Women,FALSE
54,Sexy Lingerie,Fashion ,"Socks have become somewhat of a cliche Christmas gift (though not necessarily an unwanted one if they’re eco friendly socks), so why not put a little spin on the holiday essentials by giving a pair of ethical underwear.

Underwear as a gift?! Are we serious?

As serious as silk (as long as it’s cruelty free, that is). 

Think about it: everyone (nudists aside) needs underwear and it’s usually the item we run out of first, forcing us to do laundry. So, giving more underwear will reduce the number of times they flip the switch on the washing machine.",https://www.sustainablejungle.com/wp-content/uploads/2020/10/Image-by-Azura-Bay-683x1024.jpg,52,https://www.azurabay.com/collections/valentines/products/valentines-2-pack-cutie-thongs-red-pink,Women ,FALSE
55,Stylish sustainable Sunglasses,Fashion,"Escaping the cold and snow this holiday season for a vacay somewhere sunny? Then gift your loved one a new pair of sustainable sunglasses to sport while relaxing on the beach (just don’t forget the reef safe sunscreen, too!).",https://www.sustainablejungle.com/wp-content/uploads/2020/10/Image-by-Pela-Vision-683x1024.jpg,64.95,https://pelavision.com/products/sulu-eco-friendly-blue-light-glasses-in-brown-tortoise?variant=31919384756322,Women,FALSE
56,Sustainable Beauty and Personal Care Products,Care,"For eco friendly loved ones that love ethical and sustainable cosmetics, a little care package of some select but ultra-impressive options would go down a treat.

Even if they’re not a makeup lover per se, most people would appreciate some basic personal care essentials like shampoo, deodorant, toothpaste, or some other useful care product.

Whenever we look for sustainable personal care products, we look for those that are non-toxic, cruelty free, vegan, palm oil-free products that have thoughtful packaging (ideally zero waste!).",https://www.sustainablejungle.com/wp-content/uploads/2020/10/Image-by-EcoRoots-2-683x1024.jpg,10.5,https://ecoroots.us/products/lavender-shampoo-bar,"Women, Men. Teens, Kids",FALSE
57,Eco Friendly Phone Cover,Tech,Want to be sure your gift is going to do more good than harm? How about an eco friendly phone case? ,https://www.sustainablejungle.com/wp-content/uploads/2020/10/Image-by-StudioQ.jpg,49.95,https://pelacase.com/products/honey-bee-edition-eco-friendly-iphone-12-pro-max-case,"Women, Men, Teens, Kids",FALSE
58,Eco Friendly Sneakers,Fashion ,"For a truly practical eco friendly gift, take a peek at your loved one’s shoe collection and see whether their runners are a bit, well, run out. If so, a new pair of ethical sneakers might be just what the personal trainer ordered",https://www.sustainablejungle.com/wp-content/uploads/2020/10/Image-by-All-Birds--683x1024.jpg,95,https://www.allbirds.com/products/mens-wool-runners,Men,FALSE
59,Pima Cami,Fashion,"Cuyana founders Karla Gallardo and Shilpa Shah are all about their Lean Closet program—fewer, better pieces that provide everything you need to make a small, but impactful wardrobe. They're also partnering with thredUP to expand their program, with free thredUP shipping labels so you can clean out your closet. The program also benefits H.E.A.R.T. (Helping Ease Abuse Related Trauma). This pima-modal blend cami is ubiquitous, comes in gray and black too, and is the exact kind of staple that you can wear everywhere. In other words, the price-per-wear is low, and your gift recipients can find a use for it in their daily lives. ","https://hips.hearstapps.com/vader-prod.s3.amazonaws.com/1606840100-pdp-white-hero-900x900-pimacami-berry-4-1606840082.jpg?crop=0.6666666666666666xw:1xh;center,top&resize=480:*",35,https://www.cuyana.com/pima-cami.html,Women,FALSE
60,Tikuri Plunge Neck,Fashion,"Supermodel Liya Kebede founded her brand when she took a trip to Ethiopia and met a group of traditional weavers—who no longer had a market for their goods. The brand means ""to bloom and flourish"" in the Ethiopian language of Amharic. Kebede explains, ""By employing traditional weavers, we're trying to break their cycle of poverty, at the same time preserving the art of weaving while creating modern, casual, comfortable stuff that we really want to wear."" ","https://hips.hearstapps.com/vader-prod.s3.amazonaws.com/1606838478-lemlem-1606838468.jpg?crop=0.8888888888888888xw:1xh;center,top&resize=480:*",375,https://www.lemlem.com/collections/new-arrivals/products/tikuri-plunge-neck-dress,Women,FALSE
61,Faro Dress,Fashion,"This resort wear brand relies on artists and craftspeople in Lagos, Nigeria (which is also where the brand is based). Launched in 2018, Míe pieces are made from natural, biodegradable fabrics; They don't have hundreds of options (that's sort of the point—to have classic pieces, the slow fashion way), but each one is breathable and ideal for your next tropical getaway. They also have items that'll double as the perfect summer wardrobe‚ like this linen dress. ","https://hips.hearstapps.com/vader-prod.s3.amazonaws.com/1606838678-IMG_7511.jpg.jpg?crop=0.857xw:0.858xh;0.0623xw,0.0930xh&resize=480:*",260,https://mie.ng/product/faro-dress-black-new/,Women,FALSE
62,Dense Floral Violet Blouse,Fashion,"Fashion designer Tracy Reese implements strong social and ethical structures into her brand, allowing women to look and feel good while supporting worthy causes. Celebrities including Oprah, Sarah Jessica Parker, Tracee Ellis Ross, and even First Lady Michelle Obama have all worn her clothes. Her work is both chic and fun: Pair this buttoned-up blazer with trousers for work or distressed denim and heels for date night.","https://hips.hearstapps.com/vader-prod.s3.amazonaws.com/1606839010-DSC9852-01_1024x1024.jpg?crop=1.00xw:1xh;center,top&resize=480:*",180,https://hopeforflowers.com/collections/tops/products/dense-floral-violet-blouse,Women,FALSE
63,The North Face Etip Recycled Tech Glove,Sport,"These North Face gloves keep hands warm, free to text, and are made of 93% recycled polyester.",https://i.pcmag.com/imagery/lineupitems/39231.1607454685.fit_lim.size_800x440.jpg,55,https://www.pcmag.com/v1/otc/01r1WRIAJykbQgN4oGQ8FSi?merchant=01E6HJnmX5tGqN4OzEU7Zxr&url=https%3A%2F%2Fwww.thenorthface.com%2Fshop%2Fwomens-etip-recycled-tech-glove-nf0a4sfu%3FvariationId%3DH7E&t=lineup-page&m=lineup-cards&e=lineup-card&i=buy-button&p=10&el=%2455.00+at+The+North+Face+See+it&u=https%3A%2F%2Fwww.pcmag.com%2Fnews%2Fthe-best-eco-friendly-tech-gifts&cd2=Story+Slideshow&cd61=App%5CModels%5CLineupItem&cd62=05NYODnsnAWsys8DRdONENv&cd63=02EIN36qECjOsPi67tVATVq,"Women, Men",FALSE
64,ToughTested Solar Charger,Tech,The ToughTested Solar Charger can keep phones charged several times over using only the light of the sun.,https://i.pcmag.com/imagery/lineupitems/39232.1607461187.fit_lim.size_800x440.jpg,70,https://www.pcmag.com/v1/otc/01r1WRIAJykbQgN4oGQ8FSi?merchant=066BsOzKeWrARfxzeDNN0yM&url=https%3A%2F%2Ftoughtested.com%2Fcollections%2Fsolar-chargers%2Fproducts%2F24-000mah-solar-charger-portable-solar-powerbank-with-led-flashlight-ip67-dustproof-shockproof-rainproof-high-efficiency-solar-panel&t=lineup-page&m=lineup-cards&e=lineup-card&i=buy-button&p=11&el=%2469.99+at+ToughTested+See+it&u=https%3A%2F%2Fwww.pcmag.com%2Fnews%2Fthe-best-eco-friendly-tech-gifts&cd2=Story+Slideshow&cd61=App%5CModels%5CLineupItem&cd62=07wIqi8jIuwNihbHlIYNq3g&cd63=019ZeCxWMyMxKnDlkaSvaFh,"Women, Men, Teens",FALSE
65,Smart Thermostat,Tech,"See technology at its finest with the Smart Thermostat, where you can adjust the temperature of your room without lifting a finger. With its smart sensors, it can automatically adjust the room’s temperature to a more adequate level, according to your habits and routines. Yes! It’s able to adapt to your schedule and routine. The future has never been brighter with the Smart Thermostat.",https://cdn.shopify.com/s/files/1/2535/2404/products/SmartThermostat_0003_4_500x.jpg?v=1585929935,232,https://itsnerd.com/collections/energy-green-tech/products/smart-thermostat,"Women, Men",FALSE
66,Evaporative Air Cooler & Humidifier,Tech,"Enjoy the benefits of three humidifiers in one with the Evaporative Air Cooler and Humidifier. It will humidify, purify and chill the surrounding air at your temperature/humidity of choice. It is small and USB-powered, so it can sit perfectly on your desk, next to your bed or couch. Too loud? No problem, the Whisper-Quiet option allows you to lower its sound by adjusting the fan speed. Built with adjustable LED lights, this cooler will be a great addition to your living space.",https://cdn.shopify.com/s/files/1/2535/2404/products/Evaporative_Air_Cooler_Humidifier_0006_7_500x.jpg?v=1581108679,154,https://itsnerd.com/collections/energy-green-tech/products/evaporative-air-cooler-humidifier,"Women, Men",FALSE
67,Cell Phone Cleaner,Tech,"For better or for worse, our phones are sticking with us. And, unless you're planning on washing your hands and face before and after each time you pick up your device, all that bacteria is sticking with you too. The Cell Phone Cleaner is a simple solution to keep harmful bacteria from spreading — not only from your phone to you but from you to others as well. If you live with anyone who may have a compromised immune system — young children, elderly or ill individuals —the device could be a particularly valuable investment.",https://cdn.shopify.com/s/files/1/2535/2404/products/cellphonecleanerdehasion_0003_4_500x.jpg?v=1588804585,80,https://itsnerd.com/collections/energy-green-tech/products/cell-phone-cleaner,"Women, Men, Teens",FALSE
68,Reusable Notebook,Other,"You can avoid a large number of notebooks stacked up or scattered everywhere in your office, or at home. What? One notebook isn’t enough? Well with the Reusable Notebook, you can have all your ideas, plans, to-dos, and schedules all in one place, and the best part is that you can easily wipe off your old writings and re-use the pages again. Don’t worry you can save all of your old notes using the app via your phone. The Reusable Notebook has just made your work easier.",https://cdn.shopify.com/s/files/1/2535/2404/products/reusable_notebook_0005_71T-xWb8ZAL._SL1500_500x.jpg?v=1579121312,58,https://itsnerd.com/collections/energy-green-tech/products/reusable-notebook,"Women, Men, Teens",FALSE
69,Pleat Pants,Fashion,"Amour Vert (French for ""Green Love"") prioritizes brands that offer sustainable, stylish pieces. Kowtow is based out of New Zealand and works to make its garments sustainably and ethically with organic materials. We know Kate Middleton loves a good pair of culottes for everyday workwear, and this version offers a wide leg option that's comfortable and made out of 100 percent organic cotton (which is better than regular cotton in terms of sustainability).","https://hips.hearstapps.com/vader-prod.s3.amazonaws.com/1606839218-KOWTOW-Pleat-Pants-Exclusive-Khaki_1337_web_1186x1186.jpg?crop=1.00xw:1xh;center,top&resize=480:*",228,https://amourvert.com/products/pleat-pants?variant=31570169659463,Women,FALSE
70,Rose Quartz Crystal Gemstone Eyeshadow Palette,Fashion,"There are a number of makeup brands that are working to be sustainable, but Aether is something special: The palette is paper and fully recyclable, which they say is a first for the beauty industry. A mirror on a palette makes the whole thing unrecyclable, which is why Aether doesn't have one. One percent of sales go to The Water Project for water solutions in sub-Saharan Africa. ALSO—the colors are gorgeous, which means it's a joy to give (and receive).",https://www.sustainablejungle.com/wp-content/uploads/2020/10/Image-by-The-Classic-T-Shirt-683x1024.jpg,58,https://go.redirectingat.com/?id=74968X1525081&xs=1&url=https%3A%2F%2Fwww.sephora.com%2Fproduct%2Frose-quartz-crystal-gemstone-palette-P441803&sref=https%3A%2F%2Fwww.marieclaire.com%2Ffashion%2Fg29873544%2Fsustainable-gifts%2F&xcust=%5Butm_source%7C%5Butm_campaign%7C%5Butm_medium%7C%5Bgclid%7C%5Bmsclkid%7C%5Bfbclid%7C%5Brefdomain%7Cgoogle.com%5Bcontent_id%7Cf7e9c672-61e0-4f4a-b8da-66868392c5fc%5Bcontent_product_id%7Cbc3076e0-ad7e-417e-a9f0-37f55bf454cc%5Bproduct_retailer_id%7Cffa5fc85-b595-4a7f-b69b-3f81abd13690,Women,FALSE
71,T-Shirts,Fashion,Eco tees? Yes please!,,54,https://theclassictshirt.com/?sscid=21k5_5qjrv&,"Women, Men, Teens, Kids",FALSE
72,The most comfortable Belt,Fashion,The stretchy belt gives you the perfect pant fit and they’re fully adjustable so you don’t have to worry about what size to give.,https://mygreencloset.com/wp-content/uploads/2020/11/Unbelts-400x325.jpg,39,https://unbelts.com/collections/valentine/products/unbelts-classic,"Women, Men, Teens, Kids",FALSE
73,Upcycled Home Slippers,Fashion,"Artisan-made slippers using upcycled, recycled, and deadstock fabrics, for comfy and stylish days at home.",https://mygreencloset.com/wp-content/uploads/2020/11/Made-Trade-Slippers-400x334.jpg,61,https://www.madetrade.com/collections/one432/products/one432-begum-scarlet-home?utm_source=mygreencloset&utm_medium=referral&utm_campaign=gift_guide,"Women, Men, Teens, Kids",FALSE
74,Arts & Crafts Kids “Busy Box”,Toy,Who isn’t looking for ways to occupy kids this year? This eco-friendly “busy box” from EarthHero is really a gift for both children and parents!,https://mygreencloset.com/wp-content/uploads/2020/11/Earthhero-Busy-Box-400x338.jpg,26.99,https://earthhero.com/products/baby-kids/eco-kids-arts-and-crafts-busy-box/?ref=erinmygreencloset,"Kids, Babies",FALSE
75,Ocean Plastic Backpack,Fashion,Close the loop with a recycled GOT Bag.,https://mygreencloset.com/wp-content/uploads/2020/11/Got-bag-backpack-768x996.jpg,191,https://us.got-bag.com/products/rolltop-backpack,"Women, Men, Teens",FALSE
76,Wild-harvested Botanical Skincare,Care,"For those who deserve some pampering, Sḵwálwen Botanicals creates “plant medicine for skin and spirit”",https://mygreencloset.com/wp-content/uploads/2020/11/Skwalwen-Botanicals-400x381.jpg,18,https://skwalwen.com/collections/frontpage/products/tewin-xw-cranberry-facial-bar,"Women, Men , Teens",FALSE
77,Sock that Give Back,Fashion ,"These socks are so much more than your classic, useful gift!",https://mygreencloset.com/wp-content/uploads/2020/11/Conscious-Step-400x400.jpg,14.95,https://consciousstep.com/collections/new-products/products/socks-that-give-books-1,"Teens, Kids, Babies",FALSE
78,Cute & Quirky Bamboo Earrings & pins,Fashion ,"Adorable earrings, pins, and necklaces laser cut from sustainable bamboo and hand-painted. ",https://mygreencloset.com/wp-content/uploads/2020/11/Mountain-and-Me-Etsy-400x314.jpg,16.53,https://www.etsy.com/ca/listing/492377995/rainbow-earrings-rainbow-jewellery?ref=shop_home_feat_1,Women,FALSE
79,Build Anything Block Set,Toy,"Lovevery’s 70 piece block set offers endless possibilities for play, building motor-skills, exploration, and learning. ",https://mygreencloset.com/wp-content/uploads/2020/11/Lovevery1.jpg,90,https://lovevery.com/products/the-block-set?utm_source=sas_aff&utm_medium=1392573&utm_content=1321226&sscid=21k5_5r3xr,"Kids, Babies",FALSE
80,Wooden Hair Sticks,Fashion,"A unique and simple, yet beautiful way to hold and adorn hair",https://mygreencloset.com/wp-content/uploads/2020/11/Saya-Designs1-400x218.jpg,66.12,https://www.etsy.com/ca/listing/767962421/the-melati-hair-fork-handmade-wooden?ref=shop_home_active_15&crt=1,Women,FALSE
81,hemp drawstring tea bags,Other,A pack of hemp drawstring tea bags that you can fill with your favourite blends. They're 100% biodegradable and come in recyclable packaging.,https://img.buzzfeed.com/buzzfeed-static/static/2019-11/12/17/asset/20612d99cbe4/sub-buzz-176-1573578868-1.jpg?downsize=600:*&output-format=auto&output-quality=auto,5,https://fave.co/2XbyO6T,"Women, Men",FALSE
82,menstrual cup,Care,"A colourful menstrual cup that'll be your BFF when Aunt Flo rolls into town. You can wear it for up to 12 hours (depending on how heavy your flow is), so you'll never have to worry about forgetting to change a tampon or pad again.",https://img.buzzfeed.com/buzzfeed-static/static/2020-04/22/13/asset/e8bc308885ca/sub-buzz-313-1587562452-7.jpg?downsize=600:*&output-format=auto&output-quality=auto,49,https://fave.co/2UxR2MF,Women,FALSE
83,sponge cloths,Household,"A set of sponge cloths made from wood pulp to clean up your messes without even touching paper towel. They can absorb about 15 times their weight in water, making them real saviours for cooking crises and wine spills.",https://img.buzzfeed.com/buzzfeed-static/static/2020-04/1/16/asset/23290fff3f43/sub-buzz-129-1585757254-10.jpg?crop=1606%3A2175%3B0%2C0&downsize=300:*&output-format=auto&output-quality=auto,24,https://fave.co/3aACOkR,"Women, Men",FALSE
84,collapsible reusable mug,Household,"A collapsible reusable mug that's made of recycled materials and is totally leakproof. It's smaller than a fist when folded up, so you can just pop in in your bag or glove compartment when it's not in use. Later days, single-use cups.",https://img.buzzfeed.com/buzzfeed-static/static/2020-04/22/13/asset/3790acde6641/sub-buzz-243-1587560558-14.jpg?crop=1606%3A2175%3B0%2C0&downsize=300:*&output-format=auto&output-quality=auto,25,https://simons-ca.c2ukkg.net/NLD0K,"Women, Men, Teens, Kids",FALSE
85,Aveda Stress-Fix oil,Care,A bottle of all-natural Aveda Stress-Fix oil that you can use on your body and scalp. It'll soften your skin and is infused with lavender and clary sage to help chill you the heck out.,https://img.buzzfeed.com/buzzfeed-static/static/2020-04/22/14/asset/e8bc308885ca/sub-buzz-507-1587565616-1.jpg?downsize=600:*&output-format=auto&output-quality=auto,44,https://fave.co/3bwKqWb,Women,FALSE
86,glass drinking straws,Other,"A set of glass drinking straws that'll give your morning juice or ice coffee a stylish upgrade. If you hate the metallic taste of stainless steel straws, these are an awesome alternative.",https://img.buzzfeed.com/buzzfeed-static/static/2020-04/22/12/asset/d5658b1d8d2e/sub-buzz-255-1587560206-3.jpg?crop=683%3A1024%3B0%2C0&downsize=300:*&output-format=auto&output-quality=auto,16,https://fave.co/2x3SNcY,"Women, Men, Teens, Kids",FALSE
87,ventilated compost bin,Household,A ventilated compost bin with a charcoal filter to keep odours trapped in. Now you won't be faced with gross smells if you forget to empty it for a night or two.,https://img.buzzfeed.com/buzzfeed-static/static/2020-04/22/12/asset/024f9a2a325a/sub-buzz-228-1587559903-1.jpg?crop=683%3A1024%3B0%2C0&downsize=300:*&output-format=auto&output-quality=auto,59,https://fave.co/2yvGNRU,"Women, Men",FALSE
88,organic bamboo rounds,Care,"A pack of soft and sustainable organic bamboo rounds that'll replace your regular old cotton pads and make removing your makeup a breeze. They're machine washable, so you can just throw them in with the rest of your laundry when they get dirty.","https://img.buzzfeed.com/buzzfeed-static/static/2020-04/22/14/asset/a1b8b01213d5/sub-buzz-420-1587564619-31.jpg?crop=1606:1541;0,54&downsize=600:*&output-format=auto&output-quality=auto",33,http://simons-ca.c2ukkg.net/EBX22,Women,FALSE
89,mesh bags,Household,A set of plastic-free mesh bags that you can use to carry and store your produce. Now you won't have to fumble around with the annoying filmy ones at the grocery store.,"https://img.buzzfeed.com/buzzfeed-static/static/2020-04/22/12/asset/d5658b1d8d2e/sub-buzz-198-1587558186-1.jpg?crop=1606:1649;0,501&downsize=600:*&output-format=auto&output-quality=auto",16,https://simons-ca.c2ukkg.net/KbLJn,"Women, Men",FALSE
90,biodegradable bullet vibrator,Care,"A biodegradable bullet vibrator, so that even your orgasms are eco-friendly. Reviewers say it's a great option for beginners and gets the job done in no time.",https://img.buzzfeed.com/buzzfeed-static/static/2020-04/7/1/asset/6f603b41c9d2/sub-buzz-2617-1586224661-1.jpg?crop=600%3A900%3B0%2C0&downsize=300:*&output-format=auto&output-quality=auto,18,https://fave.co/39LScde,Women,FALSE
91,natural deodorant,Care,"A stick of natural deodorant that's packed with coconut oil and plant-based ingredients that'll regulate sweat, neutralize odours, and banish nasty bacteria. It has a beach-inspired scent, which is a lot nicer than those artificial scents in drugstore deodorants.",https://img.buzzfeed.com/buzzfeed-static/static/2020-04/22/13/asset/024f9a2a325a/sub-buzz-365-1587563758-1.jpg?downsize=600:*&output-format=auto&output-quality=auto,14,https://fave.co/2VtJGLW,"Women, Men",FALSE
92,bubble food-saver lids,Other,A set of bubble food-saver lids that you can stretch over bowls to seal in flavour. It comes with four different sizes that fit everything from cans of beans to giant mixing bowls.,https://img.buzzfeed.com/buzzfeed-static/static/2020-04/1/4/asset/0a0d03b4c30f/sub-buzz-1208-1585714981-1.jpg?crop=1606%3A2175%3B0%2C0&downsize=300:*&output-format=auto&output-quality=auto,30,https://fave.co/2wTva6z,"Women, Men",FALSE
93,utility suit,Fashion,"A fashion-forward utility suit that’s made of organic cotton and TENCEL Lyocell cellulose fibres sourced from eco-friendly forests. Look at you, being all stylish AND saving the planet.",https://img.buzzfeed.com/buzzfeed-static/static/2020-04/22/14/asset/6627208dedc6/sub-buzz-387-1587564385-14.jpg?crop=1606%3A2175%3B0%2C0&downsize=300:*&output-format=auto&output-quality=auto,69,http://simons-ca.c2ukkg.net/zMyK0,Women,FALSE
94,cloth sandwich bags,Household,"Or a set of cloth sandwich bags that are made out of recycled water bottles. They seal with zippers, so no morsels of food will sneak out.","https://img.buzzfeed.com/buzzfeed-static/static/2020-04/22/12/asset/ef5f20342dba/sub-buzz-210-1587559329-7.jpg?crop=1606:1582;0,593&downsize=600:*&output-format=auto&output-quality=auto",26,https://simons-ca.c2ukkg.net/Px96Y,"Women, Men, Teens",FALSE
95,Stasher reusable silicone bag,Household,"A Stasher reusable silicone bag that'll help you minimize plastic waste and keep your prepped snacks or ingredients in one place. They're leakproof and can be used in the freezer, microwave, and even the oven (up to 400 °F).",https://img.buzzfeed.com/buzzfeed-static/static/2020-04/22/12/asset/b278279f396b/sub-buzz-190-1587558598-13.jpg?crop=1606%3A2175%3B0%2C0&downsize=300:*&output-format=auto&output-quality=auto,12,https://simons-ca.c2ukkg.net/qM3A5,"Women, Men, Teens",FALSE
96,stainless steel tumbler,Household,A stylish stainless steel tumbler that'll keep your cold drinks cold and your hot drinks hot. It may also inspire you to make your own coffee instead of having a barista do it for you.,https://img.buzzfeed.com/buzzfeed-static/static/2020-03/31/20/asset/f0bd3a31834a/sub-buzz-126-1585686979-7.jpg?crop=600%3A900%3B0%2C0&downsize=300:*&output-format=auto&output-quality=auto,49,https://fave.co/3bKqcbj,"Women, Men",FALSE
97,wooden cotton swabs,Care,"A pack of wooden cotton swabs that are made of birch, so they're a lot easier on the environment. Time to kiss your regular Q-tips goodbye.",https://img.buzzfeed.com/buzzfeed-static/static/2020-04/22/14/asset/7d0d2ae462b3/sub-buzz-508-1587566087-1.jpg?downsize=700%3A%2A&output-quality=auto&output-format=auto,2,https://simons-ca.c2ukkg.net/qM3kn,"Women, Men, Teens",FALSE
98,wooden coffee maker,Household,"A genius wooden coffee maker that'll craft you the perfect cuppa Joe without any filters. Using it is simple: just place it on top of your cup, add coffee grinds, pour hot water, and get to sippin'.",https://img.buzzfeed.com/buzzfeed-static/static/2020-04/22/13/asset/38f4bdea91ac/sub-buzz-342-1587563155-3.jpg?crop=1080%3A1349%3B0%2C0&downsize=300:*&output-format=auto&output-quality=auto,89,https://simons-ca.c2ukkg.net/NLDR2,"Women, Men",FALSE
99,eco shoe-protecting spray,Fashion,"A bottle of eco shoe-protecting spray that'll repel dirt and stains from your precious kicks. The water-based formula is safe for leather, suede, nubuck, and fabric, so you can probably use it on most of your footwear.",https://img.buzzfeed.com/buzzfeed-static/static/2020-04/22/14/asset/f2e2204af9db/sub-buzz-499-1587566417-8.jpg?downsize=700%3A%2A&output-quality=auto&output-format=auto,13,http://simons-ca.c2ukkg.net/0q7X3,"Women, Men, Teens",FALSE